Date,Port,ticker,shares
01/30/2026,short_positions,FISV,-3549
01/30/2026,short_positions,NLY,-23547
01/30/2026,short_positions,AGYS,-147
01/30/2026,short_positions,UNP,-898
01/30/2026,short_positions,BBWI,-16
01/30/2026,short_positions,MATW,-1287
01/30/2026,short_positions,NXST,-1019
01/30/2026,short_positions,TCBI,-2885
01/30/2026,short_positions,ERIE,-506
01/30/2026,short_positions,CTMX,-22179
01/30/2026,short_positions,MSTR,-1127
01/30/2026,short_positions,AOS,-3482
01/30/2026,short_positions,SIG,-98
01/30/2026,short_positions,MOD,-1227
01/30/2026,short_positions,ATEX,-158
01/30/2026,short_positions,JJSF,-3033
01/30/2026,short_positions,EBS,-6518
01/30/2026,short_positions,MP,-383
01/30/2026,short_positions,PRMB,-6313
01/30/2026,short_positions,CPB,-1868
01/30/2026,short_positions,BH/A,-117
01/30/2026,short_positions,PRAA,-12012
01/30/2026,short_positions,WPC,-2881
01/30/2026,short_positions,CFR,-271
01/30/2026,short_positions,SCSC,-374
01/30/2026,short_positions,THR,-13
01/30/2026,short_positions,VITL,-7
01/30/2026,short_positions,META,-302
01/30/2026,short_positions,RXO,-127
01/30/2026,short_positions,ACHC,-1046
01/30/2026,short_positions,SEI,-124
01/30/2026,short_positions,SABR,-25
01/30/2026,short_positions,AVNS,-1315
01/30/2026,short_positions,NOVT,-2
01/30/2026,short_positions,LZB,-14
01/30/2026,short_positions,TPL,-274
01/30/2026,short_positions,OVV,-12168
01/30/2026,short_positions,HFWA,-11998
01/30/2026,short_positions,PLPC,-1
01/30/2026,short_positions,BLFS,-13
01/30/2026,short_positions,NFLX,-1780
01/30/2026,short_positions,LMT,-316
01/30/2026,short_positions,WGS,-2201
01/30/2026,short_positions,SMTC,-600
01/30/2026,short_positions,RSI,-12998
01/30/2026,short_positions,GOGO,-19310
01/30/2026,short_positions,A,-650
01/30/2026,short_positions,ACGL,-217
01/30/2026,short_positions,VLY,-8579
01/30/2026,short_positions,OMER,-1831
01/30/2026,short_positions,FG,-2664
01/30/2026,short_positions,APEI,-2185
01/30/2026,short_positions,NOV,-15197
01/30/2026,short_positions,MCO,-683
01/30/2026,short_positions,LYV,-608
01/30/2026,short_positions,CLH,-2349
01/30/2026,short_positions,BKR,-1991
01/30/2026,short_positions,WDFC,-156
01/30/2026,short_positions,ROST,-590
01/30/2026,short_positions,PNR,-2192
01/30/2026,short_positions,LOB,-13
01/30/2026,short_positions,WEC,-500
01/30/2026,short_positions,BGS,-298
01/30/2026,short_positions,JXN,-1421
01/30/2026,short_positions,GTLB,-303
01/30/2026,short_positions,ILMN,-406
01/30/2026,short_positions,EGY,-477
01/30/2026,short_positions,SM,-1479
01/30/2026,short_positions,SLGN,-41
01/30/2026,short_positions,TXRH,-2552
01/30/2026,short_positions,WD,-93
01/30/2026,short_positions,RMD,-2743
01/30/2026,short_positions,CC,-4726
01/30/2026,short_positions,HIMS,-336
01/30/2026,short_positions,VSAT,-1862
01/30/2026,short_positions,ACI,-4113
01/30/2026,short_positions,MNKD,-7231
01/30/2026,short_positions,AMBA,-1975
01/30/2026,short_positions,RLJ,-4424
01/30/2026,short_positions,TNET,-138
01/30/2026,short_positions,CRWD,-536
01/30/2026,short_positions,SLNO,-204
01/30/2026,short_positions,CPF,-11306
01/30/2026,short_positions,ADNT,-4931
01/30/2026,short_positions,MEDP,-11
01/30/2026,short_positions,MGRC,-596
01/30/2026,short_positions,NN,-397
01/30/2026,short_positions,REPL,-2410
01/30/2026,short_positions,ASIX,-16002
01/30/2026,short_positions,COIN,-715
01/30/2026,short_positions,COLB,-4040
01/30/2026,short_positions,HTZ,-131
01/30/2026,short_positions,LAND,-25
01/30/2026,short_positions,FELE,-757
01/30/2026,short_positions,BSY,-8282
01/30/2026,short_positions,DCI,-3926
01/30/2026,short_positions,GOLF,-1646
01/30/2026,short_positions,ICLR,-883
01/30/2026,short_positions,MPWR,-533
01/30/2026,short_positions,NVST,-15146
01/30/2026,short_positions,BANF,-1279
01/30/2026,short_positions,CPAY,-446
01/30/2026,short_positions,RGTI,-7
01/30/2026,short_positions,FAST,-2701
01/30/2026,short_positions,YETI,-7614
01/30/2026,short_positions,NOC,-975
01/30/2026,short_positions,HNI,-33
01/30/2026,short_positions,TDW,-1861
01/30/2026,short_positions,YUM,-614
01/30/2026,short_positions,ORC,-136
01/30/2026,short_positions,LASR,-2370
01/30/2026,short_positions,ED,-3345
01/30/2026,short_positions,CF,-2200
01/30/2026,short_positions,FHI,-20
01/30/2026,short_positions,TPB,-2344
01/30/2026,short_positions,ABCB,-1603
01/30/2026,short_positions,GIS,-2455
01/30/2026,short_positions,ON,-1872
01/30/2026,short_positions,MDB,-651
01/30/2026,short_positions,HSTM,-962
01/30/2026,short_positions,AME,-1669
01/30/2026,short_positions,MDLZ,-5896
01/30/2026,short_positions,USPH,-128
01/30/2026,short_positions,VNO,-9408
01/30/2026,short_positions,CME,-1828
01/30/2026,short_positions,CAR,-18
01/30/2026,short_positions,AXP,-14
01/30/2026,short_positions,SNA,-333
01/30/2026,short_positions,GOOG,-451
01/30/2026,short_positions,CLB,-2879
01/30/2026,short_positions,PEP,-3868
01/30/2026,short_positions,JACK,-11
01/30/2026,short_positions,VISN,-12771
01/30/2026,short_positions,RPM,-19
01/30/2026,short_positions,MSFT,-51
01/30/2026,short_positions,BLDR,-364
01/30/2026,short_positions,FHB,-3542
01/30/2026,short_positions,FDS,-1302
01/30/2026,short_positions,ADBE,-220
01/30/2026,short_positions,EYE,-43
01/30/2026,short_positions,FCF,-6474
01/30/2026,short_positions,LUMN,-24309
01/30/2026,short_positions,RGEN,-1728
01/30/2026,short_positions,BCPC,-2379
01/30/2026,short_positions,SHW,-1119
01/30/2026,short_positions,KNSL,-392
01/30/2026,short_positions,CAG,-8651
01/30/2026,short_positions,BY,-5305
01/30/2026,short_positions,VVV,-16
01/30/2026,short_positions,CECO,-3493
01/30/2026,short_positions,KNSA,-1538
01/30/2026,short_positions,FTDR,-7597
01/30/2026,short_positions,FANG,-1138
01/30/2026,short_positions,PJT,-2320
01/30/2026,short_positions,MBWM,-2144
01/30/2026,short_positions,JKHY,-3
01/30/2026,short_positions,TPG,-11243
01/30/2026,short_positions,XPRO,-26
01/30/2026,short_positions,AMSF,-67
01/30/2026,short_positions,KEYS,-1929
01/30/2026,short_positions,BRBR,-32
01/30/2026,short_positions,DKNG,-1001
01/30/2026,short_positions,TCMD,-3562
01/30/2026,short_positions,HD,-1562
01/30/2026,short_positions,MSA,-1420
01/30/2026,short_positions,KOP,-718
01/30/2026,short_positions,SOFI,-24
01/30/2026,short_positions,CRVL,-9
01/30/2026,short_positions,RS,-2048
01/30/2026,short_positions,VC,-2775
01/30/2026,short_positions,PTEN,-2445
01/30/2026,short_positions,MCD,-1
01/30/2026,short_positions,ITGR,-1925
01/30/2026,short_positions,HIG,-3443
01/30/2026,short_positions,SLAB,-1265
01/30/2026,short_positions,VYX,-179
01/30/2026,short_positions,INTA,-8046
01/30/2026,short_positions,NEO,-2666
01/30/2026,short_positions,SNDR,-3509
01/30/2026,short_positions,MC,-1158
01/30/2026,short_positions,AKBA,-23
01/30/2026,short_positions,CCNE,-3462
01/30/2026,short_positions,GPRO,-26
01/30/2026,short_positions,TWST,-1451
01/30/2026,short_positions,INDB,-1063
01/30/2026,short_positions,YORW,-16
01/30/2026,short_positions,BE,-680
01/30/2026,short_positions,RIVN,-360
01/30/2026,short_positions,SIGA,-45
01/30/2026,short_positions,ACLS,-157
01/30/2026,short_positions,PFG,-3654
01/30/2026,short_positions,IPGP,-3
01/30/2026,short_positions,CMP,-3366
01/30/2026,short_positions,NBHC,-847
01/30/2026,short_positions,LTC,-2318
01/30/2026,short_positions,MTW,-16739
01/30/2026,short_positions,BMI,-156
01/30/2026,short_positions,SSD,-10
01/30/2026,short_positions,PSN,-475
01/30/2026,short_positions,FA,-3788
01/30/2026,short_positions,AKR,-2119
01/30/2026,short_positions,COLM,-1113
01/30/2026,short_positions,INVX,-35
01/30/2026,short_positions,DBI,-18030
01/30/2026,short_positions,APLE,-2475
01/30/2026,short_positions,ECVT,-1816
01/30/2026,short_positions,REXR,-244
01/30/2026,short_positions,FUN,-3898
01/30/2026,short_positions,SNOW,-44
01/30/2026,short_positions,STBA,-970
01/30/2026,short_positions,MMYT,-59
01/30/2026,short_positions,PMT,-7716
01/30/2026,short_positions,JOE,-2431
01/30/2026,short_positions,CYRX,-1049
01/30/2026,short_positions,UBSI,-8921
01/30/2026,short_positions,EPR,-3067
01/30/2026,short_positions,ELS,-5804
01/30/2026,short_positions,HLNE,-1709
01/30/2026,short_positions,APAM,-12
01/30/2026,short_positions,BWXT,-801
01/30/2026,short_positions,FBK,-6898
01/30/2026,short_positions,NSIT,-135
01/30/2026,short_positions,WINA,-111
01/30/2026,short_positions,WFC,-2550
01/30/2026,short_positions,CCC,-1041
01/30/2026,short_positions,SBAC,-488
01/30/2026,short_positions,BSX,-1028
01/30/2026,short_positions,RHI,-656
01/30/2026,short_positions,LAB,-22
01/30/2026,short_positions,HTH,-3892
01/30/2026,short_positions,CCK,-2615
01/30/2026,short_positions,ENVX,-58
01/30/2026,short_positions,EVCM,-29
01/30/2026,short_positions,APO,-393
01/30/2026,short_positions,DXCM,-110
01/30/2026,short_positions,PVH,-1767
01/30/2026,short_positions,SGI,-7726
01/30/2026,short_positions,SAIA,-715
01/30/2026,short_positions,TLN,-1124
01/30/2026,short_positions,STLD,-2779
01/30/2026,short_positions,AVA,-187
01/30/2026,short_positions,DIN,-439
01/30/2026,short_positions,MAN,-7674
01/30/2026,short_positions,FLYW,-17308
01/30/2026,short_positions,URGN,-2276
01/30/2026,short_positions,FERG,-2683
01/30/2026,short_positions,MSGS,-1215
01/30/2026,short_positions,AAMI,-4442
01/30/2026,short_positions,ZM,-7017
01/30/2026,short_positions,LEN,-825
01/30/2026,short_positions,HWC,-934
01/30/2026,short_positions,ANAB,-1995
01/30/2026,short_positions,PFSI,-4722
01/30/2026,short_positions,MKTX,-1125
01/30/2026,short_positions,BX,-4264
01/30/2026,short_positions,EXTR,-3638
01/30/2026,short_positions,CNK,-9601
01/30/2026,short_positions,CTRE,-2029
01/30/2026,short_positions,BRO,-6671
01/30/2026,short_positions,HOOD,-5469
01/30/2026,short_positions,IBP,-228
01/30/2026,short_positions,WLFC,-908
01/30/2026,short_positions,FCFS,-498
01/30/2026,short_positions,ADC,-1113
01/30/2026,short_positions,DHC,-9465
01/30/2026,short_positions,TWI,-7154
01/30/2026,short_positions,ALSN,-565
01/30/2026,short_positions,SBUX,-4212
01/30/2026,short_positions,DX,-30394
01/30/2026,short_positions,FFIN,-635
01/30/2026,short_positions,VRSK,-1268
01/30/2026,short_positions,AMR,-83
01/30/2026,short_positions,BMY,-8251
01/30/2026,short_positions,NDSN,-366
01/30/2026,short_positions,ESRT,-454
01/30/2026,short_positions,ALGN,-3142
01/30/2026,short_positions,RES,-92
01/30/2026,short_positions,ICE,-1177
01/30/2026,short_positions,ELAN,-3160
01/30/2026,short_positions,LSTR,-448
01/30/2026,short_positions,RMBS,-70
01/30/2026,short_positions,FIZZ,-499
01/30/2026,short_positions,SHC,-8931
01/30/2026,short_positions,STGW,-2867
01/30/2026,short_positions,WTW,-155
01/30/2026,short_positions,AON,-419
01/30/2026,short_positions,ASMB,-2712
01/30/2026,short_positions,ICFI,-599
01/30/2026,short_positions,ADUS,-2131
01/30/2026,short_positions,FBIN,-967
01/30/2026,short_positions,ARW,-2000
01/30/2026,short_positions,JBTM,-2306
01/30/2026,short_positions,RRX,-1190
01/30/2026,short_positions,MA,-2
01/30/2026,short_positions,OXM,-1005
01/30/2026,short_positions,WOR,-905
01/30/2026,short_positions,ONB,-2459
01/30/2026,short_positions,CBU,-2310
01/30/2026,short_positions,TMP,-5871
01/30/2026,short_positions,SXC,-13145
01/30/2026,short_positions,XOM,-620
01/30/2026,short_positions,VICR,-948
01/30/2026,short_positions,MTSI,-1818
01/30/2026,short_positions,CABO,-7
01/30/2026,short_positions,EVRG,-9829
01/30/2026,short_positions,AAON,-503
01/30/2026,short_positions,CRK,-5998
01/30/2026,short_positions,PFGC,-2225
01/30/2026,short_positions,IEX,-2693
01/30/2026,short_positions,SMR,-23279
01/30/2026,short_positions,ORCL,-1058
01/30/2026,short_positions,SMCI,-4113
01/30/2026,short_positions,BXP,-8566
01/30/2026,short_positions,AKAM,-51
01/30/2026,short_positions,CMCO,-4329
01/30/2026,short_positions,STE,-1091
01/30/2026,short_positions,USLM,-335
01/30/2026,short_positions,BOX,-2349
01/30/2026,short_positions,RHP,-3150
01/30/2026,short_positions,OTTR,-292
01/30/2026,short_positions,BZH,-2008
01/30/2026,short_positions,XENE,-3487
01/30/2026,short_positions,BANR,-4558
01/30/2026,short_positions,MKL,-311
01/30/2026,short_positions,GLDD,-5784
01/30/2026,short_positions,JANX,-18
01/30/2026,short_positions,SRRK,-497
01/30/2026,short_positions,FFBC,-2266
01/30/2026,short_positions,GT,-10632
01/30/2026,short_positions,WSM,-2548
01/30/2026,short_positions,CLSK,-2642
01/30/2026,short_positions,POWI,-20
01/30/2026,short_positions,NHI,-1603
01/30/2026,short_positions,ANET,-1308
01/30/2026,short_positions,CVS,-5326
01/30/2026,short_positions,VSEC,-33
01/30/2026,short_positions,APLD,-2343
01/30/2026,short_positions,MQ,-8385
01/30/2026,short_positions,MIR,-1428
01/30/2026,short_positions,TCBK,-155
01/30/2026,short_positions,LPLA,-666
01/30/2026,short_positions,BG,-5223
01/30/2026,short_positions,PLTR,-3744
01/30/2026,short_positions,GIII,-2287
01/30/2026,short_positions,AWI,-407
01/30/2026,short_positions,TECH,-1351
01/30/2026,short_positions,XEL,-1978
01/30/2026,short_positions,RLI,-710
01/30/2026,short_positions,PGEN,-11902
01/30/2026,short_positions,BLX,-7087
01/30/2026,short_positions,ASGN,-4677
01/30/2026,short_positions,RNG,-1808
01/30/2026,short_positions,EQIX,-417
01/30/2026,short_positions,LYFT,-1335
01/30/2026,short_positions,TRTX,-12274
01/30/2026,short_positions,MRCY,-177
01/30/2026,short_positions,OSW,-15004
01/30/2026,short_positions,W,-1937
01/30/2026,short_positions,NPO,-82
01/30/2026,short_positions,V,-220
01/30/2026,short_positions,SMG,-4002
01/30/2026,short_positions,TMDX,-1
01/30/2026,short_positions,PRGO,-374
01/30/2026,short_positions,WIX,-2
01/30/2026,short_positions,WMS,-2165
01/30/2026,short_positions,UAA,-10149
01/30/2026,short_positions,JBGS,-1386
01/30/2026,short_positions,BOOT,-534
01/30/2026,short_positions,YUMC,-9
01/30/2026,short_positions,RXRX,-70
01/30/2026,short_positions,CDW,-407
01/30/2026,short_positions,NWL,-108
01/30/2026,short_positions,CSCO,-4
01/30/2026,short_positions,IONQ,-3923
01/30/2026,short_positions,AI,-27
01/30/2026,short_positions,VRNS,-5034
01/30/2026,short_positions,STRA,-589
01/30/2026,short_positions,RH,-446
01/30/2026,short_positions,OKTA,-5023
01/30/2026,short_positions,NRIM,-3485
01/30/2026,short_positions,PSTG,-1289
01/30/2026,short_positions,DAL,-1182
01/30/2026,short_positions,VMI,-817
01/30/2026,short_positions,PAHC,-3092
01/30/2026,short_positions,VRRM,-9404
01/30/2026,short_positions,UBER,-799
01/30/2026,short_positions,KURA,-8328
01/30/2026,short_positions,BURL,-864
01/30/2026,short_positions,HTO,-2130
01/30/2026,short_positions,NTB,-2204
01/30/2026,short_positions,HRI,-2747
01/30/2026,short_positions,MSEX,-1219
01/30/2026,short_positions,EYPT,-8012
01/30/2026,short_positions,OWL,-6718
01/30/2026,short_positions,SDRL,-8767
01/30/2026,short_positions,PCVX,-829
01/30/2026,short_positions,AMCR,-4963
01/30/2026,short_positions,SBCF,-1285
01/30/2026,short_positions,IRDM,-6887
01/30/2026,short_positions,HWKN,-52
01/30/2026,short_positions,BBY,-902
01/30/2026,short_positions,ABR,-36
01/30/2026,short_positions,OC,-167
01/30/2026,short_positions,HSY,-841
01/30/2026,short_positions,VNT,-165
01/30/2026,short_positions,CEG,-920
01/30/2026,short_positions,JBSS,-356
01/30/2026,short_positions,WTTR,-1778
01/30/2026,short_positions,EFSC,-1296
01/30/2026,short_positions,PPG,-1235
01/30/2026,short_positions,TREE,-2212
01/30/2026,short_positions,GSM,-25252
01/30/2026,short_positions,SPSC,-3405
01/30/2026,short_positions,EXP,-1835
01/30/2026,short_positions,PH,-360
01/30/2026,short_positions,OLLI,-2013
01/30/2026,short_positions,PAYO,-207
01/30/2026,short_positions,CNA,-2678
01/30/2026,short_positions,BLD,-1
01/30/2026,short_positions,LCID,-7760
01/30/2026,short_positions,VST,-589
01/30/2026,short_positions,NEU,-40
01/30/2026,short_positions,ACHR,-121
01/30/2026,short_positions,AAP,-2152
01/30/2026,short_positions,RSG,-186
01/30/2026,short_positions,SIGI,-1490
01/30/2026,short_positions,EMR,-48
01/30/2026,short_positions,ETN,-374
01/30/2026,short_positions,CDNS,-1658
01/30/2026,short_positions,TARS,-4463
01/30/2026,short_positions,ORA,-398
01/30/2026,short_positions,FPI,-29
01/30/2026,short_positions,CRDO,-1458
01/30/2026,short_positions,STEP,-877
01/30/2026,short_positions,RNST,-3496
01/30/2026,short_positions,ECL,-147
01/30/2026,short_positions,DRI,-1275
01/30/2026,short_positions,PZZA,-12
01/30/2026,short_positions,DPZ,-325
01/30/2026,short_positions,NCLH,-8700
01/30/2026,short_positions,CSTM,-8432
01/30/2026,short_positions,ARE,-4782
01/30/2026,short_positions,HLI,-2738
01/30/2026,short_positions,DOC,-14346
01/30/2026,short_positions,VIAV,-6177
01/30/2026,short_positions,SUPN,-2633
01/30/2026,short_positions,FSS,-1527
01/30/2026,short_positions,COF,-955
01/30/2026,short_positions,BEAM,-8388
01/30/2026,short_positions,ESS,-1570
01/30/2026,short_positions,IDA,-476
01/30/2026,short_positions,WRBY,-3007
01/30/2026,short_positions,F,-1475
01/30/2026,short_positions,SKY,-2005
01/30/2026,short_positions,BBW,-9
01/30/2026,short_positions,CERT,-11412
01/30/2026,short_positions,WRB,-3675
01/30/2026,short_positions,HON,-2035
01/30/2026,short_positions,NUVL,-171
01/30/2026,short_positions,LNTH,-91
01/30/2026,short_positions,GEO,-11184
01/30/2026,short_positions,MNRO,-5320
01/30/2026,short_positions,LCII,-2
01/30/2026,short_positions,OKE,-516
01/30/2026,short_positions,SG,-45
01/30/2026,short_positions,LOPE,-1319
01/30/2026,short_positions,WAT,-609
01/30/2026,short_positions,ULTA,-627
01/30/2026,short_positions,ASO,-13
01/30/2026,short_positions,AMC,-23
01/30/2026,short_positions,BRC,-1429
01/30/2026,short_positions,TNK,-4320
01/30/2026,short_positions,CNR,-766
01/30/2026,short_positions,CL,-7482
01/30/2026,short_positions,PFBC,-2925
01/30/2026,short_positions,CCI,-141
01/30/2026,short_positions,MLM,-917
01/30/2026,short_positions,TMO,-810
01/30/2026,short_positions,BAX,-9654
01/30/2026,short_positions,CBSH,-3111
01/30/2026,short_positions,SHO,-7108
01/30/2026,short_positions,EGP,-292
01/30/2026,short_positions,ORRF,-2259
01/30/2026,short_positions,RKT,-4465
01/30/2026,short_positions,SMMT,-956
01/30/2026,short_positions,HAL,-15870
01/30/2026,short_positions,RUM,-41744
01/30/2026,short_positions,AIN,-625
01/30/2026,short_positions,AMN,-978
01/30/2026,short_positions,ALKT,-5113
01/30/2026,short_positions,IIPR,-639
01/30/2026,short_positions,TT,-411
01/30/2026,short_positions,CMCSA,-8074
01/30/2026,short_positions,FCNCA,-180
01/30/2026,short_positions,INVA,-2461
01/30/2026,short_positions,MPW,-31082
01/30/2026,short_positions,VCTR,-1475
01/30/2026,short_positions,CVX,-2981
01/30/2026,short_positions,EIG,-1096
01/30/2026,short_positions,LPX,-162
01/30/2026,short_positions,AWR,-1050
01/30/2026,short_positions,SSB,-1689
01/30/2026,short_positions,GSHD,-446
01/30/2026,short_positions,MTDR,-824
01/30/2026,short_positions,JBL,-1965
01/30/2026,short_positions,IBM,-43
01/30/2026,short_positions,DFIN,-10
01/30/2026,short_positions,AVGO,-2
01/30/2026,short_positions,KNX,-3
01/30/2026,short_positions,INGR,-1106
01/30/2026,short_positions,QBTS,-3146
01/30/2026,short_positions,BWIN,-11
01/30/2026,short_positions,ITIC,-358
01/30/2026,short_positions,FLR,-6023
01/30/2026,short_positions,TDAY,-2111
01/30/2026,short_positions,BFST,-4134
01/30/2026,short_positions,SOUN,-16308
01/30/2026,short_positions,KTOS,-3761
01/30/2026,short_positions,MATX,-1965
01/30/2026,short_positions,CLX,-2673
01/30/2026,short_positions,FCX,-868
01/30/2026,short_positions,CSR,-954
01/30/2026,short_positions,WAL,-1055
01/30/2026,short_positions,CR,-1658
01/30/2026,short_positions,RDNT,-294
01/30/2026,short_positions,CHTR,-2091
01/30/2026,short_positions,COCO,-1446
01/30/2026,short_positions,SDGR,-46
01/30/2026,short_positions,ENR,-470
01/30/2026,short_positions,DASH,-8
01/30/2026,short_positions,NI,-8745
01/30/2026,short_positions,CTBI,-107
01/30/2026,short_positions,AVTR,-17798
01/30/2026,short_positions,KAI,-4
01/30/2026,short_positions,WING,-291
01/30/2026,short_positions,AZZ,-17
01/30/2026,short_positions,AR,-3280
01/30/2026,short_positions,CDP,-6129
01/30/2026,short_positions,POWL,-25
01/30/2026,short_positions,FET,-1206
01/30/2026,short_positions,AIZ,-460
01/30/2026,short_positions,QS,-12383
01/30/2026,short_positions,IQV,-2889
01/30/2026,short_positions,MTCH,-2004
01/30/2026,short_positions,DOCS,-2032
01/30/2026,short_positions,ADAM,-28186
01/30/2026,short_positions,LOW,-1548
01/30/2026,short_positions,FOR,-13975
01/30/2026,short_positions,LIN,-58
01/30/2026,short_positions,FCN,-1138
01/30/2026,short_positions,GEHC,-610
01/30/2026,short_positions,GME,-5587
01/30/2026,short_positions,ITRI,-90
01/30/2026,short_positions,PRTA,-1655
01/30/2026,short_positions,ZWS,-636
01/30/2026,short_positions,HALO,-1417
01/30/2026,short_positions,WULF,-5042
01/30/2026,short_positions,RVMD,-3692
01/30/2026,short_positions,CSX,-8292
01/30/2026,short_positions,WSFS,-161
01/30/2026,short_positions,WLDN,-1869
01/30/2026,short_positions,CHRD,-762
01/30/2026,short_positions,PYPL,-5528
01/30/2026,short_positions,VEEV,-794
01/30/2026,short_positions,RVTY,-4199
01/30/2026,short_positions,KRYS,-933
01/30/2026,short_positions,DHR,-1592
01/30/2026,short_positions,CHRW,-1364
01/30/2026,short_positions,MHK,-33
01/30/2026,short_positions,TGTX,-1594
01/30/2026,short_positions,CHE,-127
01/30/2026,short_positions,CNNE,-178
01/30/2026,short_positions,TENB,-3433
01/30/2026,short_positions,CRSP,-3712
01/30/2026,short_positions,DDS,-176
01/30/2026,short_positions,STAG,-1578
01/30/2026,short_positions,HTB,-7550
01/30/2026,short_positions,ODFL,-28
01/30/2026,short_positions,STRT,-541
01/30/2026,short_positions,TDC,-3072
01/30/2026,short_positions,GWRE,-2436
01/30/2026,short_positions,SPGI,-193
01/30/2026,short_positions,NSP,-35
01/30/2026,short_positions,SYK,-981
01/30/2026,short_positions,THFF,-2098
01/30/2026,short_positions,ELF,-1462
01/30/2026,short_positions,DEI,-515
01/30/2026,short_positions,PSMT,-2338
01/30/2026,short_positions,WHD,-8
01/30/2026,short_positions,INSP,-266
01/30/2026,short_positions,CPRT,-1453
01/30/2026,short_positions,MDU,-6660
01/30/2026,short_positions,HELE,-5476
01/30/2026,short_positions,PRK,-208
01/30/2026,short_positions,CRC,-1179
01/30/2026,short_positions,LBTYK,-9259
01/30/2026,short_positions,CWT,-225
01/30/2026,short_positions,GTN,-26742
01/30/2026,short_positions,VRDN,-2802
01/30/2026,short_positions,RBLX,-3086
01/30/2026,short_positions,APD,-818
01/30/2026,short_positions,IDCC,-128
01/30/2026,short_positions,WEX,-335
01/30/2026,short_positions,IBCP,-1003
01/30/2026,short_positions,XP,-1922
01/30/2026,short_positions,PKG,-126
01/30/2026,short_positions,BLK,-27
01/30/2026,short_positions,ROCK,-4426
01/30/2026,short_positions,NEOG,-154
01/30/2026,short_positions,BALL,-4245
01/30/2026,short_positions,COLD,-2642
01/30/2026,short_positions,OFG,-2301
01/30/2026,short_positions,CALX,-5631
01/30/2026,short_positions,SHAK,-28
01/30/2026,short_positions,ZD,-4657
01/30/2026,short_positions,PRGS,-7748
01/30/2026,short_positions,MUR,-11145
01/30/2026,short_positions,RYAN,-1635
01/30/2026,short_positions,TSCO,-5218
01/30/2026,short_positions,LAZ,-13
01/30/2026,short_positions,ARES,-565
01/30/2026,short_positions,RYN,-1862
01/30/2026,short_positions,FUL,-4068
01/30/2026,short_positions,UMBF,-91
01/30/2026,short_positions,ARI,-15065
01/30/2026,short_positions,NTCT,-4632
01/30/2026,short_positions,BRX,-16076
01/30/2026,short_positions,SONO,-2340
01/30/2026,short_positions,LHX,-1977
01/30/2026,short_positions,CEVA,-28
01/30/2026,short_positions,MLR,-257
01/30/2026,short_positions,HLT,-2516
01/30/2026,short_positions,CNP,-7203
01/30/2026,short_positions,MZTI,-824
01/30/2026,short_positions,IDYA,-1369
01/30/2026,short_positions,CDZI,-13221
01/30/2026,short_positions,CAKE,-29
01/30/2026,short_positions,QDEL,-6916
01/30/2026,short_positions,CTS,-1530
01/30/2026,short_positions,FDP,-46
01/30/2026,short_positions,AES,-7740
01/30/2026,short_positions,ESAB,-3456
01/30/2026,short_positions,KEX,-968
01/30/2026,short_positions,IMVT,-10
01/30/2026,short_positions,NTNX,-2855
01/30/2026,short_positions,PBF,-3538
01/30/2026,short_positions,TDY,-376
01/30/2026,short_positions,TFIN,-2080
01/30/2026,short_positions,NTAP,-4364
01/30/2026,short_positions,KIM,-4370
01/30/2026,short_positions,SBSI,-3275
01/30/2026,short_positions,MASI,-168
01/30/2026,short_positions,MLI,-2508
01/30/2026,short_positions,LNG,-2091
01/30/2026,short_positions,BEN,-5090
01/30/2026,short_positions,WAB,-830
01/30/2026,short_positions,NVCR,-178
01/30/2026,short_positions,UPST,-7
01/30/2026,short_positions,MD,-4846
01/30/2026,short_positions,RIOT,-9474
01/30/2026,short_positions,TDG,-383
01/30/2026,short_positions,GFS,-2505
01/30/2026,short_positions,PSKY,-14959
01/30/2026,short_positions,LII,-373
01/30/2026,short_positions,NVDA,-303
01/30/2026,short_positions,TOWN,-9739
01/30/2026,short_positions,DFH,-155
01/30/2026,short_positions,TKO,-2998
01/30/2026,short_positions,CUBE,-8561
01/30/2026,short_positions,GKOS,-2567
01/30/2026,short_positions,UPWK,-115
01/30/2026,short_positions,BNL,-24541
01/30/2026,short_positions,BCSF,-5091
01/30/2026,short_positions,BDX,-568
01/30/2026,short_positions,NFG,-1644
01/30/2026,short_positions,FTV,-7274
01/30/2026,short_positions,FLO,-518
01/30/2026,short_positions,PLSE,-11
01/30/2026,short_positions,LKFN,-2157
01/30/2026,short_positions,UHAL,-15
01/30/2026,short_positions,MGNI,-1940
01/30/2026,short_positions,DGX,-3646
01/30/2026,short_positions,PCT,-2018
01/30/2026,short_positions,MTX,-648
01/30/2026,short_positions,DCOM,-221
01/30/2026,short_positions,UFPI,-10
01/30/2026,short_positions,CASS,-7
01/30/2026,short_positions,CROX,-1786
01/30/2026,short_positions,EME,-647
01/30/2026,short_positions,RGLD,-786
01/30/2026,short_positions,FRPT,-5
01/30/2026,short_positions,COHU,-902
01/30/2026,short_positions,FTK,-2120
01/30/2026,short_positions,NBIS,-329
01/30/2026,short_positions,INN,-26990
01/30/2026,short_positions,CHD,-3069
01/30/2026,short_positions,RJF,-1390
01/30/2026,short_positions,MSGE,-641
01/30/2026,short_positions,GLW,-666
01/30/2026,short_positions,CATY,-452
01/30/2026,short_positions,MRTN,-27
01/30/2026,short_positions,H,-1030
01/30/2026,short_positions,GNTX,-1571
01/30/2026,short_positions,BBT,-2254
01/30/2026,short_positions,STZ,-1833
01/30/2026,short_positions,HTLD,-73
01/30/2026,short_positions,KFRC,-755
01/30/2026,short_positions,TREX,-108
01/30/2026,short_positions,CRUS,-2507
01/30/2026,short_positions,PRI,-1198
01/30/2026,short_positions,ENTG,-1408
01/30/2026,short_positions,BLBD,-21
01/30/2026,short_positions,FCPT,-2574
01/30/2026,short_positions,SMBC,-69
01/30/2026,short_positions,LXRX,-29
01/30/2026,short_positions,GNL,-39813
01/30/2026,short_positions,HP,-6480
01/30/2026,short_positions,ROK,-520
01/30/2026,short_positions,TDOC,-4553
01/30/2026,short_positions,VRTX,-790
01/30/2026,short_positions,VPG,-1017
01/30/2026,short_positions,DGII,-34
01/30/2026,short_positions,CAMT,-2606
01/30/2026,short_positions,PNW,-1044
01/30/2026,short_positions,DAR,-206
01/30/2026,short_positions,PLMR,-594
01/30/2026,short_positions,AMPL,-30968
01/30/2026,short_positions,PVLA,-379
01/30/2026,short_positions,CHCO,-292
01/30/2026,short_positions,CUBI,-497
01/30/2026,short_positions,AMRX,-16608
01/30/2026,short_positions,CTSH,-3356
01/30/2026,short_positions,AMZN,-1
01/30/2026,short_positions,SXI,-325
01/30/2026,short_positions,GILD,-2896
01/30/2026,short_positions,WWW,-18509
01/30/2026,short_positions,MUX,-9123
01/30/2026,short_positions,DUK,-4265
01/30/2026,short_positions,ALRM,-1249
01/30/2026,short_positions,MGY,-62
01/30/2026,short_positions,TRNO,-2130
01/30/2026,short_positions,CARR,-2763
01/30/2026,short_positions,SMP,-2096
01/30/2026,short_positions,PDFS,-5874
01/30/2026,short_positions,OZK,-1737
01/30/2026,short_positions,NBTB,-1934
01/30/2026,short_positions,SPG,-3027
01/30/2026,short_positions,VKTX,-95
01/30/2026,short_positions,WTM,-194
01/30/2026,short_positions,TKR,-2563
01/30/2026,short_positions,TROW,-1004
01/30/2026,short_positions,TRIP,-47
01/30/2026,short_positions,CORT,-397
01/30/2026,short_positions,PRSU,-68
01/30/2026,short_positions,NXPI,-1827
01/30/2026,short_positions,RUSHA,-862
01/30/2026,short_positions,ESQ,-6
01/30/2026,short_positions,NOG,-5162
01/30/2026,short_positions,SSNC,-3026
01/30/2026,short_positions,POST,-377
01/30/2026,short_positions,BIIB,-726
01/30/2026,short_positions,BBBY,-153
01/30/2026,short_positions,TILE,-4152
01/30/2026,short_positions,TFSL,-192
01/30/2026,short_positions,CAT,-795
01/30/2026,short_positions,KHC,-25717
01/30/2026,short_positions,EE,-3749
01/30/2026,short_positions,EBAY,-859
01/30/2026,short_positions,FIBK,-460
01/30/2026,short_positions,GRND,-4040
01/30/2026,short_positions,CASH,-497
01/30/2026,short_positions,AIG,-4255
01/30/2026,short_positions,BHE,-603
01/30/2026,short_positions,ATEN,-1290
01/30/2026,short_positions,XRAY,-209
01/30/2026,short_positions,ASTS,-915
01/30/2026,short_positions,DV,-13676
01/30/2026,short_positions,KKR,-4463
01/30/2026,short_positions,LIVN,-321
01/30/2026,short_positions,AMBP,-74488
01/30/2026,short_positions,NGVC,-38
01/30/2026,short_positions,PATK,-13
01/30/2026,short_positions,INCY,-601
01/30/2026,short_positions,LFUS,-362
01/30/2026,short_positions,GWW,-648
01/30/2026,short_positions,CIM,-25506
01/30/2026,short_positions,AAL,-13215
01/30/2026,short_positions,PEBO,-855
01/30/2026,short_positions,DOX,-408
01/30/2026,short_positions,SON,-7250
01/30/2026,short_positions,GOOD,-819
01/30/2026,short_positions,IRON,-996
01/30/2026,short_positions,YELP,-636
01/30/2026,short_positions,SWX,-2953
01/30/2026,short_positions,GRC,-45
01/30/2026,short_positions,NET,-1096
01/30/2026,short_positions,VVX,-1391
01/30/2026,short_positions,PSX,-1355
01/30/2026,short_positions,CASY,-712
01/30/2026,short_positions,SIRI,-13834
01/30/2026,short_positions,BAND,-65
01/30/2026,short_positions,CCBG,-2498
01/30/2026,short_positions,AVAV,-558
01/30/2026,short_positions,ETD,-790
01/30/2026,short_positions,URI,-236
01/30/2026,short_positions,KYMR,-3622
01/30/2026,short_positions,BAH,-3031
01/30/2026,short_positions,FBNC,-4175
01/30/2026,short_positions,FOUR,-2809
01/30/2026,short_positions,OBK,-1427
01/30/2026,short_positions,CMG,-6
01/30/2026,short_positions,COLL,-4897
01/30/2026,short_positions,PK,-28847
01/30/2026,short_positions,CALM,-1925
01/30/2026,short_positions,GBCI,-2442
01/30/2026,short_positions,SNEX,-3306
01/30/2026,short_positions,SLB,-2559
01/30/2026,short_positions,WAFD,-3914
01/30/2026,short_positions,KO,-1946
01/30/2026,short_positions,AMD,-323
01/30/2026,short_positions,GNRC,-4
01/30/2026,short_positions,NAVI,-11669
01/30/2026,short_positions,SRCE,-188
01/30/2026,short_positions,AVNT,-364
01/30/2026,short_positions,ZBRA,-1956
01/30/2026,short_positions,UCTT,-364
01/30/2026,short_positions,CPRX,-3975
01/30/2026,short_positions,WKC,-1709
01/30/2026,short_positions,MBUU,-274
01/30/2026,short_positions,CNH,-12719
01/30/2026,short_positions,LMB,-5
01/30/2026,short_positions,AVT,-6676
01/30/2026,short_positions,RKLB,-385
01/30/2026,short_positions,NSA,-4077
01/30/2026,short_positions,SMBK,-1401
01/30/2026,short_positions,DAKT,-2935
01/30/2026,short_positions,RCL,-817
01/30/2026,short_positions,CRNX,-3596
01/30/2026,short_positions,POOL,-2158
01/30/2026,short_positions,DUOL,-261
01/30/2026,short_positions,REYN,-6571
01/30/2026,short_positions,CMPR,-1764
01/30/2026,short_positions,SCVL,-23
01/30/2026,short_positions,AGCO,-805
01/30/2026,short_positions,VSTM,-4025
01/30/2026,short_positions,PDM,-42840
01/30/2026,short_positions,CRI,-2154
01/30/2026,short_positions,MSCI,-221
01/30/2026,short_positions,KD,-2627
01/30/2026,short_positions,HASI,-1111
01/30/2026,short_positions,NABL,-8152
01/30/2026,short_positions,MBIN,-9
01/30/2026,short_positions,MDT,-926
01/30/2026,short_positions,PRLB,-737
01/30/2026,short_positions,CSW,-400
01/30/2026,short_positions,OLED,-151
01/30/2026,short_positions,TRMK,-585
01/30/2026,short_positions,CPK,-757
01/30/2026,short_positions,FE,-9032
01/30/2026,short_positions,MARA,-301
01/30/2026,short_positions,UEC,-11313
01/30/2026,short_positions,HXL,-1021
01/30/2026,short_positions,CCRN,-47
01/30/2026,short_positions,CRL,-2002
01/30/2026,short_positions,PPC,-2102
01/30/2026,short_positions,ACT,-1165
01/30/2026,short_positions,UTI,-1304
01/30/2026,short_positions,CBRL,-7
01/30/2026,short_positions,ABNB,-3774
01/30/2026,short_positions,PENG,-10
01/30/2026,short_positions,MYGN,-6172
01/30/2026,short_positions,BEPC,-4252
01/30/2026,short_positions,KELYA,-1380
01/30/2026,short_positions,ESE,-292
01/30/2026,short_positions,MTB,-751
01/30/2026,short_positions,G,-1124
01/30/2026,short_positions,NVAX,-18
01/30/2026,short_positions,PBH,-3504
01/30/2026,short_positions,APP,-337
01/30/2026,short_positions,KMPR,-2498
01/30/2026,short_positions,CSV,-3195
01/30/2026,short_positions,GABC,-9879
01/30/2026,short_positions,APA,-950
01/30/2026,short_positions,PHM,-627
01/30/2026,short_positions,SBH,-6892
01/30/2026,short_positions,QCRH,-242
01/30/2026,short_positions,AGO,-976
01/30/2026,short_positions,JOBY,-18310
01/30/2026,short_positions,DRVN,-17763
01/30/2026,short_positions,UI,-475
01/30/2026,short_positions,GPN,-1010
01/30/2026,short_positions,PLAY,-10
01/30/2026,short_positions,NEE,-3739
01/30/2026,short_positions,KRC,-8171
01/30/2026,short_positions,GH,-1757
01/30/2026,short_positions,JLL,-410
01/30/2026,short_positions,CHH,-1042
01/30/2026,short_positions,MTD,-105
01/30/2026,short_positions,GPOR,-1121
01/30/2026,short_positions,SFM,-772
01/30/2026,short_positions,ICUI,-819
01/30/2026,short_positions,HE,-2358
01/30/2026,short_positions,FMC,-12664
01/30/2026,short_positions,RARE,-1790
01/30/2026,short_positions,OPCH,-7098
01/30/2026,short_positions,IVR,-325
01/30/2026,short_positions,ANGI,-1017
01/30/2026,short_positions,NFE,-164
01/30/2026,short_positions,BHB,-57
01/30/2026,short_positions,CDRE,-1977
01/30/2026,short_positions,DOCN,-735
01/30/2026,short_positions,DOMO,-34
01/30/2026,short_positions,OCUL,-10973
01/30/2026,short_positions,TJX,-778
01/30/2026,short_positions,STWD,-1555
01/30/2026,short_positions,DHI,-2527
01/30/2026,short_positions,TRUP,-2013
01/30/2026,short_positions,PTON,-24916
01/30/2026,short_positions,HAIN,-29
01/30/2026,short_positions,ALGM,-2117
01/30/2026,short_positions,DRS,-2124
01/30/2026,short_positions,DOV,-3026
01/30/2026,short_positions,LILAK,-11288
01/30/2026,short_positions,WT,-263
01/30/2026,short_positions,KREF,-2137
01/30/2026,short_positions,SRI,-296
01/30/2026,short_positions,EBF,-1345
01/30/2026,short_positions,NNI,-3013
01/30/2026,short_positions,QGEN,-3532
01/30/2026,short_positions,SYNA,-680
01/30/2026,short_positions,FND,-631
01/30/2026,short_positions,ACN,-620
01/30/2026,short_positions,PANW,-2523
01/30/2026,short_positions,BR,-2677
01/30/2026,short_positions,AUB,-2553
01/30/2026,short_positions,CNXN,-860
01/30/2026,short_positions,IFF,-628
01/30/2026,short_positions,PTN,-2
01/30/2026,short_positions,EPC,-10771
01/30/2026,short_positions,CNMD,-6014
01/30/2026,short_positions,PAY,-398
01/30/2026,short_positions,AMKR,-8265
01/30/2026,short_positions,ENTA,-8694
01/30/2026,short_positions,MLAB,-3
01/30/2026,short_positions,DLR,-1194
01/30/2026,short_positions,ELV,-583
01/30/2026,short_positions,UDR,-5536
01/30/2026,short_positions,EXPI,-122
01/30/2026,short_positions,EPAM,-722
01/30/2026,short_positions,DEA,-3405
01/30/2026,short_positions,PWR,-1243
01/30/2026,short_positions,KLIC,-3374
01/30/2026,short_positions,ZUMZ,-1256
01/30/2026,short_positions,CINF,-1610
01/30/2026,short_positions,OSPN,-1544
01/30/2026,short_positions,AUR,-230
01/30/2026,short_positions,OSG,-9987
01/30/2026,short_positions,BDC,-1542
01/30/2026,short_positions,SSTI,-41
01/30/2026,short_positions,SCCO,-227
01/30/2026,short_positions,PWP,-25
01/30/2026,short_positions,NEXT,-31
01/30/2026,short_positions,CZR,-3481
01/30/2026,short_positions,SKT,-2899
01/30/2026,short_positions,IOSP,-7
01/30/2026,short_positions,HQY,-3373
01/30/2026,short_positions,AXL,-4742
01/30/2026,short_positions,IBKR,-5061
01/30/2026,short_positions,NWBI,-31723
01/30/2026,short_positions,ADSK,-2935
01/30/2026,short_positions,EOLS,-392
01/30/2026,short_positions,AGNC,-34794
01/30/2026,short_positions,DDOG,-1060
01/30/2026,short_positions,CAC,-3417
01/30/2026,short_positions,TSLA,-651
01/30/2026,short_positions,TGT,-1167
01/30/2026,short_positions,NAGE,-53
01/30/2026,short_positions,DNOW,-5525
01/30/2026,short_positions,RGP,-2397
01/30/2026,short_positions,ENOV,-10724
01/30/2026,short_positions,COST,-92
01/30/2026,short_positions,FWRD,-20
01/30/2026,short_positions,BROS,-593
01/30/2026,short_positions,QLYS,-250
01/30/2026,short_positions,CXT,-5
01/30/2026,short_positions,HCKT,-11
01/30/2026,short_positions,MANH,-2558
01/30/2026,short_positions,BF/B,-45
01/30/2026,short_positions,NINE,-12930
01/30/2026,short_positions,CBOE,-566
01/30/2026,short_positions,MCHB,-5154
01/30/2026,short_positions,SITM,-383
01/30/2026,short_positions,NKTR,-2502
01/30/2026,short_positions,LEVI,-12117
01/30/2026,short_positions,SUI,-634
01/30/2026,short_positions,MSI,-669
01/30/2026,short_positions,OGN,-13869
01/30/2026,short_positions,CTRA,-7819
01/30/2026,short_positions,KRNT,-3069
01/30/2026,short_positions,BUSE,-3158
01/30/2026,short_positions,FTNT,-266
01/30/2026,short_positions,LADR,-39962
01/30/2026,short_positions,GDDY,-2020
01/30/2026,short_positions,GRPN,-2554
01/30/2026,short_positions,GTX,-15799
01/30/2026,short_positions,HUBB,-4
01/30/2026,short_positions,MTH,-4906
01/30/2026,short_positions,PBI,-5790
01/30/2026,short_positions,LZ,-10518
01/30/2026,short_positions,UTL,-562
01/30/2026,short_positions,TTEK,-7653
01/30/2026,short_positions,BPRN,-1925
01/30/2026,short_positions,PRM,-9115
01/30/2026,short_positions,CI,-850
01/30/2026,short_positions,PIPR,-101
01/30/2026,short_positions,NIC,-9
01/30/2026,short_positions,CELH,-1883
01/30/2026,short_positions,PEB,-3523
01/30/2026,short_positions,SWKS,-27
01/30/2026,short_positions,UTZ,-18228
01/30/2026,short_positions,PAYX,-1684
01/30/2026,short_positions,TFC,-9003
01/30/2026,short_positions,BELFB,-325
01/30/2026,short_positions,LE,-14
01/30/2026,short_positions,ERII,-115
01/30/2026,short_positions,IIIV,-52
01/30/2026,short_positions,ASUR,-45
01/30/2026,short_positions,MTN,-184
